character_code,character,amount
CHGS_FOR_SERVICES,Charges for Services,4882549687.15
PROP_TAX,Property Taxes,3172450229.13
OTH_FIN_SRCS,Other Financing Sources,2817186538.04
INTRAFD_TFR_IN,IntraFund Transfers In,2291587473.2599998
OPER_TFR_IN,Transfers In,2140800357.51
INTERGOV_REV_ST,Intergovernmental: State,1654631100.0
BUS_TAX,Business Taxes,1598031238.34
INTER_REV_FED,Intergovernmental: Federal,1581615860.59
EXP_RECOVERY,Expenditure Recovery,1327772709.34
OTHER_LOC_TAX,Other Local Taxes,1063263622.34
RENTS_CONCESSIONS,Rents & Concessions,743575865.74
INT_INV_INC,Interest & Investment Income,538024687.28
INTERGOV_REV_OTH,Intergovernmental: Other,344775961.58
OTH_REV,Other Revenues,285763721.06
FINE_FORF_PENAL,"Fines, Forfeiture, & Penalties",175349387.41
TFR_IN_CAP_EXP,Transfer In-Capital Expenditur,88680000.0
LIC_PERM_FRAN,"Licenses, Permits,& Franchises",76125485.11
CONVRSN_REV_ACCTS,Conversion Revenue Accts,632.5
ELS,Transfer Adjustment-Source,-5952000425.17
